Metric,Value
Accuracy,0.7445887445887446
Precision,0.6235294117647059
Recall (Sensitivity),0.6625
Specificity,0.7880794701986755
F1 Score,0.6424242424242423
ROC AUC,0.7252897350993377
