,precision,recall,f1-score,support,ROC AUC
0,0.7804878048780488,0.847682119205298,0.8126984126984126,151.0,0.758816225165563
1,0.6567164179104478,0.55,0.5986394557823129,80.0,0.758816225165563
accuracy,0.7445887445887446,0.7445887445887446,0.7445887445887446,0.7445887445887446,0.758816225165563
macro avg,0.7186021113942482,0.6988410596026491,0.7056689342403628,231.0,0.758816225165563
weighted avg,0.7376232552788796,0.7445887445887446,0.7385654406062568,231.0,0.758816225165563
