Confusion Matrix,Classification Report,ROC AUC
"[[131  20]
 [ 41  39]]","{'0': {'precision': 0.7616279069767442, 'recall': 0.8675496688741722, 'f1-score': 0.8111455108359134, 'support': 151.0}, '1': {'precision': 0.6610169491525424, 'recall': 0.4875, 'f1-score': 0.5611510791366906, 'support': 80.0}, 'accuracy': 0.7359307359307359, 'macro avg': {'precision': 0.7113224280646433, 'recall': 0.6775248344370861, 'f1-score': 0.686148294986302, 'support': 231.0}, 'weighted avg': {'precision': 0.7267842852194449, 'recall': 0.7359307359307359, 'f1-score': 0.7245673526716804, 'support': 231.0}}",0.7721854304635762
