Confusion Matrix,Classification Report,ROC AUC
"[[123  28]
 [ 36  44]]","{'0': {'precision': 0.7735849056603774, 'recall': 0.8145695364238411, 'f1-score': 0.7935483870967743, 'support': 151.0}, '1': {'precision': 0.6111111111111112, 'recall': 0.55, 'f1-score': 0.5789473684210527, 'support': 80.0}, 'accuracy': 0.7229437229437229, 'macro avg': {'precision': 0.6923480083857443, 'recall': 0.6822847682119206, 'f1-score': 0.6862478777589135, 'support': 231.0}, 'weighted avg': {'precision': 0.7173169248640947, 'recall': 0.7229437229437229, 'f1-score': 0.7192276879882993, 'support': 231.0}}",0.707864238410596
